pair_id,participant,thermal_tactile_symmetric_set_distance_mm
LV1,1,88.400982
LV1,2,11.081126
LV1,3,74.579081
LV1,4,28.980548
LV1,5,63.169247
LV1,6,62.042220
LV1,7,87.891532
LV1,8,0.071650
LV1,9,67.057494
LV1,10,48.736357
LV1,11,4.443454
LV1,12,66.348966
LV1,13,55.565600
LV1,14,49.485167
LV1,15,57.744441
LV1,16,17.331332
LV1,17,19.898087
LV1,18,56.048073
LV1,19,101.263164
LV1,20,5.607666
LV1,21,14.527490
LV1,22,49.763317
LV1,23,84.228856
LV1,24,36.305570
LV3,1,116.138141
LV3,2,30.147521
LV3,3,92.022727
LV3,4,3.241917
LV3,5,61.477358
LV3,6,80.855065
LV3,7,46.171155
LV3,8,0.291775
LV3,9,59.849588
LV3,10,16.421592
LV3,11,12.167848
LV3,12,73.967449
LV3,13,33.069510
LV3,14,48.266038
LV3,15,87.957057
LV3,16,5.306573
LV3,17,24.568712
LV3,18,64.188276
LV3,19,74.045021
LV3,20,13.543118
LV3,21,21.998503
LV3,22,8.923906
LV3,23,63.927596
LV3,24,24.608147
LV5,1,105.673470
LV5,3,76.539659
LV5,4,19.206194
LV5,5,112.586566
LV5,6,94.402344
LV5,7,94.011276
LV5,8,0.088843
LV5,9,74.940398
LV5,10,3.708546
LV5,11,21.074803
LV5,12,86.450482
LV5,13,42.610464
LV5,15,79.985793
LV5,16,6.073530
LV5,17,18.798581
LV5,18,59.029821
LV5,19,54.788392
LV5,20,16.136495
LV5,21,4.323754
LV5,22,24.404626
LV5,23,88.414751
LV5,24,19.734066
MV1,1,10.578578
MV1,3,2.473274
MV1,4,16.141548
MV1,5,54.860466
MV1,6,41.536275
MV1,7,42.489419
MV1,8,27.705214
MV1,9,46.520780
MV1,10,8.298193
MV1,11,1.574998
MV1,12,16.885668
MV1,13,29.255928
MV1,14,1.376708
MV1,15,33.841774
MV1,16,12.079807
MV1,17,15.291334
MV1,18,26.868713
MV1,19,43.108661
MV1,20,6.666684
MV1,21,36.609727
MV1,22,16.429689
MV1,23,9.090753
MV1,24,16.467303
MV2,1,32.282799
MV2,2,8.000962
MV2,3,21.959204
MV2,4,5.133974
MV2,5,33.083417
MV2,6,64.981496
MV2,7,30.854286
MV2,8,9.218651
MV2,9,45.182720
MV2,10,13.341489
MV2,11,14.112704
MV2,12,54.471614
MV2,13,38.103125
MV2,14,3.263164
MV2,15,20.226955
MV2,16,1.896426
MV2,17,25.244682
MV2,18,33.075193
MV2,19,31.260289
MV2,20,16.490915
MV2,21,4.045853
MV2,22,21.678272
MV2,23,9.089737
MV2,24,9.269250
MV3,1,4.327749
MV3,3,12.047343
MV3,4,9.336080
MV3,5,61.862794
MV3,6,79.800456
MV3,7,61.914772
MV3,8,8.423030
MV3,9,71.607609
MV3,10,14.663630
MV3,11,2.433124
MV3,12,59.016810
MV3,13,11.132014
MV3,14,26.891755
MV3,15,23.554069
MV3,16,19.957486
MV3,17,10.632564
MV3,18,38.371437
MV3,19,52.893969
MV3,20,4.268508
MV3,21,24.726894
MV3,22,27.690459
MV3,23,13.810288
MV3,24,19.242737
MV4,1,15.680842
MV4,2,64.472367
MV4,3,13.031742
MV4,4,9.094379
MV4,5,69.768214
MV4,6,75.475645
MV4,7,55.052245
MV4,8,7.556494
MV4,9,78.905955
MV4,10,7.754868
MV4,11,0.091665
MV4,12,67.024641
MV4,13,3.437187
MV4,14,15.864639
MV4,15,47.308860
MV4,16,0.443375
MV4,17,11.602780
MV4,18,46.922647
MV4,19,39.506582
MV4,20,23.501910
MV4,21,4.100359
MV4,22,16.847066
MV4,23,12.027293
MV4,24,10.012100
MV5,1,31.381738
MV5,3,31.414379
MV5,4,14.582356
MV5,5,86.650733
MV5,6,80.103245
MV5,7,52.328724
MV5,8,22.523118
MV5,9,67.669927
MV5,10,17.713095
MV5,11,51.796584
MV5,12,85.733388
MV5,13,29.165013
MV5,14,44.286854
MV5,15,48.324474
MV5,16,2.677321
MV5,17,13.926196
MV5,18,30.852621
MV5,19,35.422720
MV5,20,17.177492
MV5,21,5.121449
MV5,22,37.675778
MV5,23,22.265214
MV5,24,55.965186
RV1,1,44.759746
RV1,3,79.417863
RV1,4,14.532927
RV1,5,75.829758
RV1,6,83.509772
RV1,7,29.409652
RV1,8,0.012179
RV1,9,69.885544
RV1,10,22.594359
RV1,11,7.992657
RV1,12,8.794384
RV1,13,83.522907
RV1,15,44.806352
RV1,16,8.501379
RV1,17,7.286938
RV1,18,37.329607
RV1,19,87.039827
RV1,20,10.866585
RV1,21,0.638294
RV1,23,19.921695
RV1,24,106.740331
RV3,1,89.524481
RV3,2,15.338491
RV3,3,94.615781
RV3,4,5.096707
RV3,5,65.759983
RV3,6,63.078226
RV3,7,37.317095
RV3,8,11.289321
RV3,9,11.556398
RV3,10,14.246583
RV3,11,25.267318
RV3,12,8.179657
RV3,13,60.645960
RV3,14,63.316171
RV3,15,40.531019
RV3,16,15.784714
RV3,17,43.090255
RV3,18,73.522987
RV3,19,52.024280
RV3,20,9.798193
RV3,21,5.109129
RV3,22,60.857220
RV3,23,10.131982
RV3,24,101.501231
RV5,1,85.509287
RV5,3,43.570841
RV5,4,11.850532
RV5,5,72.769287
RV5,7,10.444472
RV5,9,91.860473
RV5,10,30.174808
RV5,11,26.436740
RV5,12,3.707881
RV5,13,66.214458
RV5,14,83.695532
RV5,15,40.215789
RV5,16,21.192930
RV5,17,28.182172
RV5,18,83.290834
RV5,19,90.747718
RV5,20,5.277931
RV5,21,3.474644
RV5,22,106.601364
RV5,23,28.426445
RV5,24,89.730529
TH1,1,8.321964
TH1,2,11.351797
TH1,3,4.372341
TH1,4,6.126001
TH1,5,2.468907
TH1,6,37.022937
TH1,7,21.345427
TH1,8,0.547020
TH1,9,50.522483
TH1,10,33.406044
TH1,11,17.669078
TH1,12,6.238017
TH1,13,22.406392
TH1,14,2.760109
TH1,15,20.771433
TH1,16,4.117730
TH1,17,17.055926
TH1,18,10.826156
TH1,19,34.612766
TH1,20,9.192671
TH1,21,0.360661
TH1,22,36.812037
TH1,23,11.889972
TH1,24,16.052811
TH3,1,32.812747
TH3,2,42.042707
TH3,3,35.201905
TH3,4,15.966780
TH3,5,1.434255
TH3,6,89.608122
TH3,7,31.507300
TH3,8,4.300058
TH3,9,22.240977
TH3,10,29.835308
TH3,11,7.902489
TH3,12,56.732822
TH3,13,2.544343
TH3,14,15.804107
TH3,15,20.809963
TH3,16,19.707803
TH3,17,11.428240
TH3,18,25.654668
TH3,19,33.473520
TH3,20,6.508467
TH3,21,5.761500
TH3,22,29.122247
TH3,23,10.761451
TH3,24,35.207094
TH5,1,28.602148
TH5,3,54.844205
TH5,4,13.903018
TH5,5,44.605384
TH5,6,57.305763
TH5,7,45.201344
TH5,8,1.179037
TH5,9,15.419902
TH5,10,45.923578
TH5,11,11.165975
TH5,12,6.774113
TH5,13,38.867302
TH5,14,46.582478
TH5,15,44.650183
TH5,16,51.781693
TH5,17,21.387913
TH5,18,63.507346
TH5,19,40.779330
TH5,20,12.114518
TH5,21,3.871721
TH5,22,38.964951
TH5,23,23.664997
TH5,24,26.935238
MH1,1,28.661971
MH1,3,17.154607
MH1,4,15.419439
MH1,5,47.859610
MH1,6,20.709303
MH1,7,43.882412
MH1,8,4.573557
MH1,9,18.078385
MH1,10,14.933675
MH1,11,17.707610
MH1,12,3.137393
MH1,13,19.961037
MH1,14,0.378233
MH1,15,19.530399
MH1,16,7.388702
MH1,17,26.292262
MH1,18,21.629191
MH1,19,30.345915
MH1,20,5.960484
MH1,21,5.451644
MH1,22,8.085869
MH1,23,2.516088
MH1,24,7.732364
MH2,1,32.473513
MH2,2,25.723106
MH2,3,29.147859
MH2,4,8.024819
MH2,5,60.884782
MH2,6,22.696039
MH2,7,21.284850
MH2,8,14.623052
MH2,9,5.186896
MH2,10,25.353569
MH2,11,22.415218
MH2,12,27.673046
MH2,13,47.287847
MH2,14,22.026033
MH2,15,15.523084
MH2,16,7.927545
MH2,17,31.342166
MH2,18,39.639337
MH2,19,24.530737
MH2,20,24.905260
MH2,21,7.007452
MH2,22,33.372253
MH2,23,33.410178
MH2,24,15.554017
MH3,1,37.970677
MH3,3,46.676069
MH3,4,6.910722
MH3,5,59.106674
MH3,6,47.054949
MH3,7,44.585597
MH3,8,13.650340
MH3,9,25.506995
MH3,10,6.543571
MH3,11,28.646233
MH3,12,24.235235
MH3,13,20.399525
MH3,14,24.301868
MH3,15,30.936620
MH3,16,9.813275
MH3,17,10.324955
MH3,18,61.585611
MH3,19,17.665208
MH3,20,5.907691
MH3,21,8.433903
MH3,22,55.894398
MH3,23,20.949979
MH3,24,55.745780
MH4,1,56.816467
MH4,2,18.428564
MH4,3,29.545074
MH4,4,11.538529
MH4,5,57.244493
MH4,6,16.734713
MH4,7,39.052771
MH4,8,36.991547
MH4,9,20.158320
MH4,10,10.878174
MH4,11,6.667819
MH4,12,38.649149
MH4,13,16.305098
MH4,14,35.862829
MH4,15,24.679483
MH4,16,39.507538
MH4,17,22.359342
MH4,18,60.990023
MH4,19,61.774883
MH4,20,7.792304
MH4,21,6.029636
MH4,22,49.751136
MH4,23,4.109165
MH4,24,29.141509
MH5,1,65.857926
MH5,2,3.445516
MH5,3,56.285183
MH5,4,9.184141
MH5,5,70.753409
MH5,6,53.520215
MH5,7,29.297345
MH5,8,10.373201
MH5,9,17.541414
MH5,10,5.228839
MH5,11,9.179514
MH5,12,42.019487
MH5,13,16.683028
MH5,14,42.722350
MH5,15,53.960893
MH5,16,10.818905
MH5,17,22.409636
MH5,18,65.163066
MH5,19,37.387921
MH5,20,30.284156
MH5,21,22.238369
MH5,22,42.673318
MH5,23,12.259548
MH5,24,37.290228
BH1,1,27.043504
BH1,3,36.176309
BH1,4,25.489213
BH1,5,60.480727
BH1,7,49.604590
BH1,8,3.646683
BH1,9,77.685323
BH1,10,2.679848
BH1,12,12.167457
BH1,13,55.640871
BH1,14,41.247309
BH1,15,18.883004
BH1,16,23.760063
BH1,17,15.129496
BH1,18,39.690759
BH1,19,29.093835
BH1,20,7.238085
BH1,21,2.012134
BH1,22,38.009088
BH1,23,8.688068
BH1,24,50.021200
BH3,1,54.813324
BH3,3,12.402134
BH3,4,4.587763
BH3,5,54.805983
BH3,6,94.739443
BH3,7,28.947270
BH3,8,16.714678
BH3,9,20.216216
BH3,10,1.919717
BH3,11,5.656739
BH3,12,5.607999
BH3,13,40.705255
BH3,14,41.768768
BH3,15,38.670252
BH3,16,10.899256
BH3,17,37.956999
BH3,18,68.380697
BH3,19,31.888439
BH3,20,1.077694
BH3,21,4.246542
BH3,22,45.883904
BH3,23,44.646431
BH3,24,61.143658
BH5,1,70.296979
BH5,3,63.539122
BH5,4,4.448839
BH5,5,101.669656
BH5,7,80.876296
BH5,8,7.016180
BH5,9,30.339771
BH5,10,6.627317
BH5,11,0.617554
BH5,12,28.097086
BH5,13,35.493217
BH5,14,67.108447
BH5,15,23.214203
BH5,16,11.776841
BH5,17,2.775079
BH5,18,86.225553
BH5,19,53.150245
BH5,20,20.102478
BH5,21,0.630558
BH5,22,72.987154
BH5,23,57.056763
BH5,24,98.289962
DA1,1,16.093847
DA1,2,9.870143
DA1,3,16.889710
DA1,4,5.420836
DA1,5,63.560067
DA1,6,12.011364
DA1,7,35.007371
DA1,8,12.422116
DA1,9,59.859563
DA1,10,6.295213
DA1,11,1.347984
DA1,12,15.801973
DA1,13,18.557496
DA1,14,8.689592
DA1,15,16.152102
DA1,16,17.320414
DA1,17,25.572179
DA1,18,50.190433
DA1,19,20.134770
DA1,20,14.531110
DA1,21,12.237961
DA1,22,8.412411
DA1,23,24.353364
DA1,24,25.165185
DA3,1,51.273980
DA3,3,18.479001
DA3,4,6.280502
DA3,5,30.403637
DA3,6,49.457826
DA3,7,25.812430
DA3,8,2.088671
DA3,9,47.128126
DA3,10,6.201152
DA3,11,5.310119
DA3,12,54.940717
DA3,13,29.654872
DA3,14,51.173269
DA3,15,39.510579
DA3,16,9.281995
DA3,17,39.606804
DA3,18,35.050956
DA3,19,17.996876
DA3,20,1.324029
DA3,21,7.275706
DA3,22,39.502902
DA3,23,26.334398
DA3,24,19.997281
DA5,1,107.669709
DA5,3,84.615294
DA5,4,12.717408
DA5,5,70.554802
DA5,7,65.368782
DA5,8,7.434886
DA5,9,69.084973
DA5,10,12.982973
DA5,11,33.848648
DA5,12,21.425370
DA5,13,78.615806
DA5,14,66.020878
DA5,15,46.615078
DA5,17,18.211209
DA5,18,56.946033
DA5,19,105.054738
DA5,20,4.516538
DA5,21,0.866435
DA5,22,49.562897
DA5,23,63.250968
DA5,24,100.764713
DB1,1,14.717696
DB1,3,53.756659
DB1,4,11.248119
DB1,5,69.469015
DB1,6,77.693381
DB1,7,22.929670
DB1,8,8.099263
DB1,9,22.451892
DB1,10,10.347199
DB1,11,3.970544
DB1,12,27.417391
DB1,13,26.607689
DB1,14,10.689015
DB1,15,24.721623
DB1,16,9.364139
DB1,17,55.247839
DB1,18,40.266054
DB1,19,28.009879
DB1,20,16.254725
DB1,21,19.071896
DB1,22,27.760214
DB1,23,18.816037
DB1,24,35.679217
DB3,1,54.016736
DB3,2,40.851926
DB3,3,75.632968
DB3,4,9.961175
DB3,5,86.349893
DB3,6,37.847760
DB3,7,48.851930
DB3,8,9.696095
DB3,9,45.476716
DB3,10,37.496411
DB3,11,22.253249
DB3,12,76.713471
DB3,13,20.835471
DB3,14,75.666735
DB3,15,14.000096
DB3,16,23.128792
DB3,17,14.552389
DB3,18,67.113585
DB3,19,28.477826
DB3,20,20.988230
DB3,21,14.000645
DB3,22,10.234012
DB3,23,42.654502
DB3,24,55.583078
DB5,1,64.078505
DB5,2,40.241651
DB5,3,22.251948
DB5,4,5.707600
DB5,5,109.960010
DB5,6,58.089920
DB5,7,63.156769
DB5,8,40.178894
DB5,9,80.505464
DB5,10,63.436593
DB5,11,19.352055
DB5,12,28.281590
DB5,13,29.392220
DB5,14,58.418403
DB5,15,49.075188
DB5,16,33.742236
DB5,17,37.551405
DB5,18,79.887024
DB5,19,85.132065
DB5,20,47.274533
DB5,21,13.637823
DB5,22,87.976968
DB5,23,61.750500
DB5,24,54.145092
